{
  "version": "3.0_advanced_scientific",
  "trainedDate": "2026-06-12T17:50:43.955Z",
  "algorithm": "Dixon-Coles Poisson Regression + ELO Ensemble",
  "teamStrengthHome": {
    "Albania": 0.5650563222555391,
    "Algeria": 0.6559010789249076,
    "Andorra": -0.6558602455695226,
    "Angola": -0.29536848160489826,
    "Argentina": 0.5854386464209673,
    "Armenia": -0.25491693339619975,
    "Aruba": -0.8353432344383676,
    "Australia": 0.32802893050445436,
    "Austria": 0.4385449465981871,
    "Azerbaijan": -0.5516348051741768,
    "Bahrain": 0.4148604495480418,
    "Belarus": -0.34140527908113916,
    "Belgium": 0.8744449972067363,
    "Benin": -0.389744601469185,
    "Bermuda": 0.16996401472463743,
    "Bolivia": -0.3923559738747713,
    "Bosnia and Herzegovina": 0.20108522912593466,
    "Botswana": -0.5877104355479638,
    "Brazil": 0.9768255649361466,
    "Bulgaria": -0.7309826865190343,
    "Burkina Faso": -0.5431875359443018,
    "Burundi": -0.49155761325850034,
    "Cabo Verde": 0.17169366611836992,
    "Cameroon": -0.25534626577271635,
    "Canada": 0.23864214741122333,
    "Central African Republic": -0.4890453109622951,
    "Chad": -0.38565200467036354,
    "Chile": 0.3320195546491119,
    "China": 0.47922615440077143,
    "Colombia": 0.8790027972494159,
    "Comoros": -0.4573422578900743,
    "Costa Rica": 0.21152428086201516,
    "Croatia": 0.5646129663664713,
    "Curaçao": 0.22021032504703428,
    "Cyprus": 0.009688727438971229,
    "Czech Republic": 0.37278807251475743,
    "DR Congo": 0.08738681559477335,
    "Denmark": 0.37429418130563186,
    "Dominican Republic": -0.32138959152686103,
    "Ecuador": 0.11604237817735633,
    "Egypt": 0.0628638270124609,
    "El Salvador": -1.475899087417826,
    "England": 0.7153858115622479,
    "Equatorial Guinea": 0.08086839400521939,
    "Estonia": -0.108036819056851,
    "Eswatini": -0.4981880193877418,
    "Faroe Islands": 0.18075151350272897,
    "Fiji": -0.4815366430226279,
    "Finland": -0.3894207400420482,
    "France": 0.8412807185056516,
    "Gabon": 0.3853664368869478,
    "Gambia": 0.10675748436392288,
    "Georgia": -0.0845974335578576,
    "Germany": 0.7689182205764121,
    "Ghana": 0.20851255316747078,
    "Gibraltar": -1.0203748774990085,
    "Greece": 0.5316788877802171,
    "Guatemala": 0.04135096887359327,
    "Haiti": 0.019534765892368355,
    "Honduras": 0.06521070225021117,
    "Hong Kong": 0.024770487371828714,
    "Hungary": 0.09051168503623458,
    "Iceland": 0.5730284010584675,
    "Indonesia": -0.050307682611471186,
    "Iran": 0.3899899550175281,
    "Iraq": -0.30795795274827437,
    "Israel": 0.30088862622400314,
    "Italy": 0.5128890734541158,
    "Ivory Coast": 0.2978148272405531,
    "Jamaica": -0.9848411407696928,
    "Japan": 0.33945883239506236,
    "Jordan": 0.3631920552880623,
    "Kazakhstan": -0.603979636294489,
    "Kenya": -0.567133748117589,
    "Kosovo": -0.09981529771240485,
    "Kuwait": -0.3913765237266924,
    "Kyrgyzstan": 0.4592845805366378,
    "Latvia": -0.43900643256514327,
    "Lebanon": 0.10946207050368773,
    "Lesotho": -0.42306920828208094,
    "Libya": 0.6540979109008717,
    "Liechtenstein": -0.9032099475444649,
    "Lithuania": 0.15985931147258972,
    "Luxembourg": -0.43084175868206054,
    "Madagascar": -0.40049474768928506,
    "Malaysia": -0.40481283682899294,
    "Mali": -0.018008481903461576,
    "Malta": -0.4476576312225913,
    "Mauritania": -0.07727011505252518,
    "Mauritius": -0.7717312266601221,
    "Mexico": 0.3775686488293005,
    "Moldova": -0.108036819056851,
    "Montenegro": 0.16362446338184275,
    "Morocco": 0.6384756532840425,
    "Mozambique": -0.5933291884351721,
    "Namibia": -0.4886783938810527,
    "Netherlands": 0.8224313299323966,
    "New Caledonia": -0.4815366430226279,
    "New Zealand": 0.32580184949131885,
    "Nicaragua": -1.1065799315265161,
    "Niger": 0.3160954890536911,
    "Nigeria": 0.6270931336889413,
    "North Korea": -0.21463092615174295,
    "North Macedonia": -0.7380032140138398,
    "Northern Ireland": -0.05243381196739952,
    "Norway": 0.84661353531278,
    "Oman": -0.4682112917912499,
    "Palestine": 0.15850908361221136,
    "Panama": 0.3793384772900079,
    "Paraguay": 0.624223909783524,
    "Peru": -0.48027996676746354,
    "Poland": 0.29866742223647946,
    "Portugal": 0.5963899721144579,
    "Puerto Rico": -0.5839667274847039,
    "Qatar": -0.15070669249786395,
    "Republic of Ireland": 0.23629606673455553,
    "Romania": -0.3050841790152033,
    "Russia": 0.633389604859124,
    "Rwanda": -0.42306920828208094,
    "Saint Lucia": -0.5480607236786155,
    "Samoa": -0.4815366430226279,
    "San Marino": -1.1327731424067746,
    "Saudi Arabia": -0.13210575239615038,
    "Scotland": 0.6187010902521325,
    "Senegal": 0.7418472800750098,
    "Serbia": 0.16332790170379072,
    "Seychelles": -0.3446282580515706,
    "Slovakia": 0.041795874087490914,
    "Slovenia": 0.23270990306529263,
    "South Africa": -0.011400235482210752,
    "South Korea": 0.3908089641134639,
    "South Sudan": -0.18466156150404767,
    "Spain": 1.0444201577859558,
    "Sudan": -0.6784755509878494,
    "Suriname": -0.5002426292711569,
    "Sweden": 0.835179935264496,
    "Switzerland": 1.0285019047309725,
    "Syria": -0.2925931570761034,
    "Tanzania": -0.6385659255901264,
    "Thailand": -0.4079089567604747,
    "Togo": -0.37025858398787936,
    "Trinidad and Tobago": -0.7547480824144699,
    "Tunisia": 0.2482405276953806,
    "Turkey": 0.7110920103759261,
    "Uganda": -0.0737982106297547,
    "Ukraine": 0.1364536869665461,
    "United Arab Emirates": -0.16861091808930118,
    "United States": 0.5006871013032341,
    "Uruguay": 0.14692555345437783,
    "Uzbekistan": -0.04019735284922976,
    "Venezuela": 0.36494651581225,
    "Wales": 0.4947250355127878,
    "Zambia": -0.2939102559077522,
    "Zimbabwe": 0.31154174903121357
  },
  "teamStrengthAway": {
    "Albania": -0.13332364555136847,
    "Algeria": -0.6289589789569663,
    "Andorra": -0.3671137470035931,
    "Angola": -0.0743679087676184,
    "Argentina": -1.094417951105338,
    "Armenia": 1.1097760399451806,
    "Aruba": 1.083252398103443,
    "Australia": -0.48225964914431346,
    "Austria": -0.540582449039624,
    "Azerbaijan": 0.33269766222441044,
    "Bahrain": 0.4849220950978328,
    "Belarus": -0.10321307391873955,
    "Belgium": -0.17666240700266594,
    "Benin": 0.23429475558924828,
    "Bermuda": 0.6552261632334944,
    "Bolivia": -0.13006085862663289,
    "Bosnia and Herzegovina": -0.22145146480803338,
    "Botswana": 0.3436522263533998,
    "Brazil": -0.4124141976131949,
    "Bulgaria": 0.2063042167718293,
    "Burkina Faso": -0.05739886671415728,
    "Burundi": 0.3332220181169137,
    "Cabo Verde": 0.052645718862605995,
    "Cameroon": -0.3672125398903225,
    "Canada": -1.064620301683684,
    "Central African Republic": 0.9334876685117308,
    "Chad": 0.5556927000441915,
    "Chile": -0.242729486216017,
    "China": 0.08396215751796524,
    "Colombia": -0.31904554688625125,
    "Comoros": 0.1418249720726943,
    "Costa Rica": 0.3060938807830214,
    "Croatia": -0.5737203183780939,
    "Curaçao": 0.24863939782935196,
    "Cyprus": -0.002827435178367768,
    "Czech Republic": -0.032631368716661946,
    "DR Congo": -0.5456028732177558,
    "Denmark": -0.1235149685357531,
    "Dominican Republic": 0.4508504990055513,
    "Ecuador": -1.5043015903258137,
    "Egypt": -0.45043023487265144,
    "El Salvador": -0.3305631040776125,
    "England": -1.244827677078993,
    "Equatorial Guinea": 0.1445299009987709,
    "Estonia": -0.1567163695899325,
    "Eswatini": 0.42785739536385214,
    "Faroe Islands": -0.13720748017392387,
    "Fiji": 1.2242876926347561,
    "Finland": -0.20488299486764563,
    "France": -0.44615455521402086,
    "Gabon": 0.2002270813330898,
    "Gambia": 0.24826592187417912,
    "Georgia": 0.026470115437924824,
    "Germany": -0.21166572111632342,
    "Ghana": -0.02357686115042122,
    "Gibraltar": 0.9024937838097713,